"","capital","competen","X","typeII_covid","typeII_ICU","typeIII_ICU","typeI_ICU","interm_beds","isola_beds","LSVP","vent","size_totalbeds","saribeds.with.ventilator","icubeds.with.ventilator","beds","physician","physicians.specialist","nurse","tec_nurse","physiotherapist","codibge","intensivists"
"1","aracaju","2019-10-01",1,0,118,57,56,4,21,0,387,2622,180,170,1449,2768,406,1196,2069,458,280030,7
"2","aracaju","2019-11-01",2,0,118,57,45,4,21,0,387,2566,180,170,1404,2776,405,1197,2061,458,280030,7
"3","aracaju","2019-12-01",3,0,118,57,56,4,21,0,387,2636,180,170,1463,2782,407,1212,2134,448,280030,8
"4","aracaju","2020-01-01",4,0,118,57,56,4,21,0,387,2647,180,170,1463,2799,407,1205,2156,445,280030,8
"5","aracaju","2020-02-01",5,0,118,57,56,4,21,0,382,2623,180,170,1463,2777,407,1200,2151,435,280030,10
"6","aracaju","2020-03-01",6,14,118,57,56,4,21,0,407,2606,195,185,1443,2774,405,1190,2142,435,280030,8
"7","aracaju","2020-04-01",7,34,120,57,56,4,21,0,425,2881,211,201,1671,2780,405,1193,2146,456,280030,7
"8","aracaju","2020-05-01",8,79,125,57,56,4,22,0,456,2994,258,241,1733,2809,406,1213,2190,481,280030,7
"9","aracaju","2020-06-01",9,90,125,57,56,4,22,0,460,3011,269,252,1733,2858,405,1265,2290,489,280030,9
"10","aracaju","2020-07-01",10,88,125,57,56,4,22,74,460,3045,267,250,1695,2869,407,1277,2297,497,280030,10
"11","aracaju","2020-08-01",11,88,125,57,56,4,22,64,534,3035,267,250,1695,2867,406,1281,2304,504,280030,10
"12","aracaju","2020-09-01",12,90,125,57,56,4,22,64,534,3029,269,252,1682,2893,406,1288,2297,503,280030,9
"13","aracaju","2020-10-01",13,90,125,57,56,4,22,64,534,3010,269,252,1663,2905,407,1304,2314,506,280030,9
"14","aracaju","2020-11-01",14,80,125,57,56,4,22,26,492,2772,264,247,1488,2893,407,1388,2552,510,280030,9
"15","aracaju","2020-12-01",15,80,125,57,56,4,22,32,492,2766,264,247,1488,2932,406,1386,2566,511,280030,9
"16","aracaju","2021-01-01",16,80,125,57,56,4,22,32,492,2766,264,247,1488,2951,410,1405,2604,512,280030,9
"17","aracaju","2021-02-01",17,113,128,79,46,4,22,32,544,2763,314,295,1419,2966,408,1430,2642,537,280030,8
"18","aracaju","2021-03-01",18,113,128,79,47,4,22,48,567,2810,315,295,1458,3038,413,1540,2988,546,280030,13
"19","aracaju","2021-04-01",19,113,128,79,47,4,22,82,594,2862,315,295,1466,3046,416,1542,2989,546,280030,17
"20","aracaju","2021-05-01",20,117,128,77,46,4,22,82,602,2863,316,297,1466,3101,412,1568,2994,569,280030,18
"21","aracaju","2021-06-01",21,117,178,27,44,4,22,82,603,2887,314,297,1482,3127,412,1589,3016,558,280030,18
"22","aracaju","2021-07-01",22,117,178,34,46,4,22,82,603,2911,323,304,1497,3124,418,1602,3020,562,280030,19
"23","belem","2019-10-01",23,0,218,93,120,9,77,0,744,4942,429,308,2739,3478,378,1687,4059,651,150140,40
"24","belem","2019-11-01",24,0,218,93,120,9,77,0,746,4942,429,308,2739,3484,379,1694,4110,661,150140,41
"25","belem","2019-12-01",25,0,218,93,120,9,77,0,747,4942,429,308,2739,3494,379,1702,4119,675,150140,41
"26","belem","2020-01-01",26,0,209,49,101,8,72,0,626,4368,356,255,2419,3430,375,1689,4026,600,150140,41
"27","belem","2020-02-01",27,0,215,26,101,8,71,0,641,4246,342,241,2358,3354,379,1701,4010,608,150140,40
"28","belem","2020-03-01",28,0,245,8,101,8,75,0,705,4394,354,253,2420,3471,380,1718,4048,608,150140,40
"29","belem","2020-04-01",29,129,245,8,101,8,75,0,709,5018,475,374,2879,3420,379,1755,4119,602,150140,39
"30","belem","2020-05-01",30,268,245,8,87,8,71,0,712,4943,593,506,2710,3455,388,1797,4068,591,150140,45
"31","belem","2020-06-01",31,399,260,31,99,8,74,0,765,5240,734,635,2795,3328,368,1782,4325,520,150140,48
"32","belem","2020-07-01",32,191,260,31,113,8,80,150,796,5382,585,472,2907,3403,364,1851,4597,635,150140,38
"33","belem","2020-08-01",33,191,280,31,124,9,77,150,827,5626,617,492,3001,3491,374,1872,4636,653,150140,38
"34","belem","2020-09-01",34,155,280,31,124,9,77,150,854,5593,588,463,3002,3521,378,1880,4633,659,150140,39
"35","belem","2020-10-01",35,155,280,31,124,9,77,150,855,5598,588,463,3007,3532,379,1893,4646,661,150140,40
"36","belem","2020-11-01",36,90,280,31,124,9,77,150,852,5461,523,398,2979,3557,383,1911,4675,664,150140,40
"37","belem","2020-12-01",37,90,280,31,125,9,77,150,846,5472,524,398,2979,3584,385,1929,4740,665,150140,39
"38","belem","2021-01-01",38,90,280,31,125,9,76,160,852,5492,524,398,2980,3632,388,1940,4838,669,150140,38
"39","belem","2021-02-01",39,90,280,31,125,9,76,160,854,5540,524,398,2983,3686,397,1950,4864,675,150140,38
"40","belem","2021-03-01",40,211,251,31,135,9,65,200,996,5603,626,490,3024,3697,399,1972,4902,698,150140,39
"41","belem","2021-04-01",41,228,251,31,135,9,65,210,1006,5632,643,507,3024,3778,394,1978,4797,740,150140,38
"42","belem","2021-05-01",42,245,251,31,135,9,69,210,1064,5659,660,524,3030,3817,391,2021,4800,769,150140,37
"43","belem","2021-06-01",43,233,251,31,135,9,69,170,1064,5604,648,512,3029,3862,393,2056,4869,768,150140,38
"44","belem","2021-07-01",44,233,251,31,135,9,65,170,1064,5519,648,512,2965,3882,397,2170,4898,763,150140,39
"45","belo horizonte","2019-10-01",45,0,725,175,170,14,64,0,1801,10648,1057,900,6283,16531,1913,6191,14406,2056,310620,71
"46","belo horizonte","2019-11-01",46,0,725,175,170,14,64,0,1801,10695,1057,900,6297,16609,1922,6279,14627,2056,310620,70
"47","belo horizonte","2019-12-01",47,0,725,175,170,14,64,0,1803,10695,1057,900,6297,16683,1937,6424,14679,2061,310620,67
"48","belo horizonte","2020-01-01",48,0,725,175,170,14,64,0,1786,10646,1057,900,6263,16729,1927,6501,14889,2066,310620,68
"49","belo horizonte","2020-02-01",49,0,725,175,170,14,64,0,1748,10546,1057,900,6211,16542,1905,6498,15129,1946,310620,70
"50","belo horizonte","2020-03-01",50,0,725,175,170,14,64,0,1748,10571,1057,900,6211,16605,1893,6563,15374,1952,310620,70
"51","belo horizonte","2020-04-01",51,651,725,175,170,14,64,0,1731,11222,1618,1461,6211,16648,1893,6646,15542,1970,310620,72
"52","belo horizonte","2020-05-01",52,342,725,175,170,14,314,0,1735,11205,1324,1167,6254,16834,1918,6701,15642,1973,310620,75
"53","belo horizonte","2020-06-01",53,453,725,175,170,42,222,0,1753,12148,1442,1257,7129,16729,1909,6725,15780,1965,310620,77
"54","belo horizonte","2020-07-01",54,493,725,149,170,42,214,0,1753,12169,1452,1267,7139,16798,1911,6798,16039,2003,310620,75
"55","belo horizonte","2020-08-01",55,364,725,159,170,42,214,87,1783,12067,1409,1202,7214,16850,1922,6892,16203,2049,310620,74
"56","belo horizonte","2020-09-01",56,368,725,159,190,42,216,82,1852,12191,1443,1216,7317,16858,1934,6904,16336,2078,310620,75
"57","belo horizonte","2020-10-01",57,358,725,157,190,14,216,82,1791,11358,1397,1198,6543,16817,1945,6975,16435,2101,310620,70
"58","belo horizonte","2020-11-01",58,358,725,157,190,14,216,82,1790,11349,1397,1198,6536,16829,1949,6980,16493,2109,310620,68
"59","belo horizonte","2020-12-01",59,406,725,157,190,14,216,82,1863,11401,1421,1222,6555,16901,1949,7022,16770,2133,310620,68
"60","belo horizonte","2021-01-01",60,406,725,157,190,14,216,82,1863,11395,1421,1222,6550,16955,1944,7646,17916,2189,310620,61
"61","belo horizonte","2021-02-01",61,195,725,142,190,14,216,82,1870,11178,1249,1050,6554,17181,1947,8014,18790,2297,310620,58
"62","belo horizonte","2021-03-01",62,377,725,142,171,14,216,88,1873,11355,1407,1227,6564,17463,1956,8063,18948,2350,310620,58
"63","belo horizonte","2021-04-01",63,409,754,142,171,14,216,215,1994,11534,1473,1293,6564,17589,1947,8110,19139,2380,310620,57
"64","belo horizonte","2021-05-01",64,459,725,132,171,14,216,209,1995,11595,1470,1290,6604,17621,1960,8127,19171,2418,310620,58
"65","belo horizonte","2021-06-01",65,459,725,132,171,14,216,209,1997,11570,1470,1290,6575,17659,1962,8060,19089,2429,310620,58
"66","belo horizonte","2021-07-01",66,449,725,132,171,14,216,209,2020,11562,1460,1280,6575,17735,1963,8061,19033,2431,310620,55
"67","boa vista","2019-10-01",67,0,20,0,5,0,18,0,92,986,23,20,687,713,47,541,1550,163,140010,3
"68","boa vista","2019-11-01",68,0,20,0,5,0,18,0,102,986,23,20,687,709,46,547,1551,165,140010,3
"69","boa vista","2019-12-01",69,0,20,0,5,0,18,0,102,1027,23,20,728,717,47,548,1560,166,140010,3
"70","boa vista","2020-01-01",70,0,20,0,5,0,18,0,103,1027,23,20,728,767,45,553,1557,164,140010,3
"71","boa vista","2020-02-01",71,0,20,0,5,0,18,0,103,1027,23,20,728,782,46,551,1553,166,140010,NA
"72","boa vista","2020-03-01",72,0,20,0,5,0,18,0,129,1107,23,20,808,782,46,595,1624,166,140010,3
"73","boa vista","2020-04-01",73,0,20,0,5,0,18,0,130,1255,23,20,922,792,46,628,1689,166,140010,3
"74","boa vista","2020-05-01",74,20,20,0,5,0,18,0,174,1445,43,40,1069,788,45,631,1698,162,140010,3
"75","boa vista","2020-06-01",75,20,26,0,5,0,18,0,174,1466,49,46,1079,795,46,686,1774,178,140010,5
"76","boa vista","2020-07-01",76,20,26,0,5,0,18,0,174,1466,49,46,1079,790,46,709,1777,191,140010,4
"77","boa vista","2020-08-01",77,42,26,0,5,0,18,0,174,1451,71,68,1049,808,45,713,1780,198,140010,4
"78","boa vista","2020-09-01",78,42,26,0,5,0,28,0,174,1450,71,68,1041,808,45,714,1786,199,140010,4
"79","boa vista","2020-10-01",79,42,29,0,5,0,28,0,179,1460,74,71,1041,805,45,715,1780,198,140010,4
"80","boa vista","2020-11-01",80,42,29,0,5,0,28,0,179,1460,74,71,1041,813,46,718,1791,200,140010,4
"81","boa vista","2020-12-01",81,20,29,0,5,0,28,0,157,1318,52,49,921,863,47,714,1790,191,140010,4
"82","boa vista","2021-01-01",82,62,29,0,5,10,50,0,157,1570,104,91,1097,860,45,716,1803,196,140010,3
"83","boa vista","2021-02-01",83,90,29,0,13,10,50,0,157,1598,132,119,1089,875,44,752,1897,212,140010,3
"84","boa vista","2021-03-01",84,90,29,0,8,10,50,0,154,1548,129,119,1048,764,46,793,2036,276,140010,7
"85","boa vista","2021-04-01",85,90,29,0,7,10,33,0,154,1479,129,119,992,747,51,819,2134,282,140010,7
"86","boa vista","2021-05-01",86,90,29,0,7,0,33,9,174,1239,119,119,770,753,49,816,2132,290,140010,5
"87","boa vista","2021-06-01",87,54,29,0,7,0,41,9,174,1240,83,83,775,761,49,821,2137,295,140010,4
"88","boa vista","2021-07-01",88,54,29,0,7,0,41,9,174,1240,83,83,775,749,49,827,2148,319,140010,4
"89","brasilia","2019-10-01",89,0,383,250,287,42,87,0,1796,8739,919,615,4548,10220,1221,5876,9535,1708,530010,196
"90","brasilia","2019-11-01",90,0,412,217,287,42,83,0,1831,8551,915,611,4506,10331,1225,6014,9761,1753,530010,194
"91","brasilia","2019-12-01",91,0,385,217,287,42,80,0,1892,8210,888,584,4375,10196,1211,5976,9866,1651,530010,196
"92","brasilia","2020-01-01",92,0,449,146,287,30,93,0,1936,8338,869,577,4394,10222,1217,6008,9975,1770,530010,192
"93","brasilia","2020-02-01",93,0,418,146,353,30,85,0,2015,8373,910,564,4388,10259,1223,5912,10135,1794,530010,204
"94","brasilia","2020-03-01",94,0,451,158,343,12,84,0,2043,8535,940,604,4465,10364,1247,6156,10311,1917,530010,208
"95","brasilia","2020-04-01",95,70,466,158,320,12,100,0,2058,8628,1002,689,4424,10648,1262,6274,10502,1934,530010,208
"96","brasilia","2020-05-01",96,195,579,158,530,42,166,0,2167,9601,1239,904,4628,10700,1283,6424,10665,2015,530010,218
"97","brasilia","2020-06-01",97,275,550,158,483,42,164,0,2150,9822,1264,973,4772,10745,1306,6406,10655,2000,530010,248
"98","brasilia","2020-07-01",98,426,549,159,453,42,234,192,2264,10223,1393,1125,4808,10834,1323,6380,10698,2033,530010,255
"99","brasilia","2020-08-01",99,422,550,169,453,42,234,192,2249,10185,1400,1132,4749,10958,1328,6433,10806,2081,530010,250
"100","brasilia","2020-09-01",100,404,550,189,453,42,234,192,2232,10234,1404,1136,4739,11065,1339,6538,10993,2103,530010,257
"101","brasilia","2020-10-01",101,374,550,189,483,42,240,189,2312,10401,1411,1113,4900,11109,1344,6654,11038,2127,530010,250
"102","brasilia","2020-11-01",102,374,550,189,483,42,240,175,2314,10468,1411,1113,4997,11118,1340,6668,11027,2138,530010,252
"103","brasilia","2020-12-01",103,374,545,189,483,42,239,175,2282,10592,1406,1108,4977,11085,1336,6673,10914,2131,530010,251
"104","brasilia","2021-01-01",104,374,465,189,448,42,239,195,2351,10506,1366,1028,4982,11129,1346,6711,10938,2150,530010,253
"105","brasilia","2021-02-01",105,423,440,189,433,42,238,155,2380,10230,1375,1052,4753,11118,1339,6841,11196,2194,530010,240
"106","brasilia","2021-03-01",106,388,426,189,433,42,238,274,2470,10308,1326,1003,4765,11154,1335,6990,11232,2248,530010,239
"107","brasilia","2021-04-01",107,438,426,189,437,42,243,385,2490,10558,1380,1053,4836,11300,1363,7186,11433,2249,530010,262
"108","brasilia","2021-05-01",108,399,417,189,437,42,243,585,2794,10768,1332,1005,4910,11447,1357,7275,11639,2333,530010,259
"109","brasilia","2021-06-01",109,399,418,190,431,43,242,585,2756,10752,1319,1007,4885,11518,1368,7429,11906,2348,530010,269
"110","brasilia","2021-07-01",110,399,426,189,430,42,242,585,2757,10780,1324,1014,4908,11689,1372,7468,11926,2372,530010,267
"111","campo grande","2019-10-01",111,0,115,82,17,0,8,0,536,2648,200,183,1424,2988,305,1451,3066,511,500270,23
"112","campo grande","2019-11-01",112,0,115,92,17,0,8,0,536,2637,210,193,1418,2980,305,1456,3087,505,500270,25
"113","campo grande","2019-12-01",113,0,115,92,17,0,8,0,554,2637,210,193,1418,2979,303,1453,3087,512,500270,25
"114","campo grande","2020-01-01",114,0,115,92,17,0,8,0,554,2658,210,193,1446,2998,305,1435,3024,507,500270,25
"115","campo grande","2020-02-01",115,0,115,92,17,0,8,0,555,2647,210,193,1433,3016,305,1438,3059,512,500270,25
"116","campo grande","2020-03-01",116,0,115,92,27,0,8,0,556,2716,220,193,1477,3094,306,1469,3089,506,500270,25
"117","campo grande","2020-04-01",117,10,125,95,38,0,8,0,600,2755,245,216,1493,3075,296,1494,3234,512,500270,25
"118","campo grande","2020-05-01",118,54,104,105,38,0,3,0,600,2779,278,249,1473,3102,298,1515,3305,516,500270,25
"119","campo grande","2020-06-01",119,54,104,105,38,0,3,0,600,2781,278,249,1473,3117,296,1521,3335,517,500270,23
"120","campo grande","2020-07-01",120,101,114,105,38,0,4,0,611,2874,329,300,1519,3146,299,1601,3534,516,500270,22
"121","campo grande","2020-08-01",121,101,130,105,38,0,4,0,654,2906,347,326,1535,3183,298,1665,3592,517,500270,22
"122","campo grande","2020-09-01",122,101,149,95,38,0,4,0,654,2921,356,335,1533,3190,301,1679,3662,528,500270,23
"123","campo grande","2020-10-01",123,117,114,115,38,0,4,0,653,2928,357,336,1538,3208,301,1666,3663,531,500270,22
"124","campo grande","2020-11-01",124,117,115,115,38,0,4,0,643,2933,358,337,1538,3217,302,1666,3596,530,500270,22
"125","campo grande","2020-12-01",125,133,115,115,38,0,4,0,643,2949,374,353,1538,3242,304,1674,3645,530,500270,23
"126","campo grande","2021-01-01",126,133,115,115,38,0,4,0,643,2949,374,353,1538,3273,304,1779,3751,534,500270,23
"127","campo grande","2021-02-01",127,133,115,115,38,0,4,0,643,2949,374,353,1538,3242,306,1850,4027,550,500270,23
"128","campo grande","2021-03-01",128,153,115,115,27,0,4,16,643,2952,386,368,1516,3280,308,1898,4082,560,500270,23
"129","campo grande","2021-04-01",129,176,115,115,27,0,4,16,639,2982,409,391,1523,3312,309,1953,4192,580,500270,23
"130","campo grande","2021-05-01",130,186,125,115,27,0,6,16,620,3004,429,411,1523,3323,317,1983,4373,590,500270,24
"131","campo grande","2021-06-01",131,186,125,115,27,0,6,16,622,3004,430,412,1523,3327,319,1964,4344,595,500270,25
"132","campo grande","2021-07-01",132,200,125,132,27,0,6,11,647,3029,449,431,1512,3305,322,1979,4353,600,500270,26
"133","cuiaba","2019-10-01",133,0,220,46,71,0,44,0,691,2761,336,266,1622,2107,262,1277,2710,399,510340,30
"134","cuiaba","2019-11-01",134,0,221,46,71,0,35,0,684,2692,337,267,1563,2123,263,1328,2747,405,510340,31
"135","cuiaba","2019-12-01",135,0,220,46,71,0,35,0,692,2690,336,266,1561,2139,265,1326,2744,406,510340,32
"136","cuiaba","2020-01-01",136,0,217,46,71,0,40,0,665,2639,333,263,1517,2164,263,1405,2866,416,510340,30
"137","cuiaba","2020-02-01",137,0,221,46,71,0,34,0,670,2614,337,267,1502,2166,265,1413,2841,427,510340,26
"138","cuiaba","2020-03-01",138,126,221,46,68,0,37,0,666,2706,451,384,1453,2257,263,1447,2892,430,510340,24
"139","cuiaba","2020-04-01",139,118,151,46,68,0,37,0,695,2530,382,315,1391,2267,264,1457,2924,434,510340,24
"140","cuiaba","2020-05-01",140,128,151,46,68,0,36,0,697,2538,392,325,1392,2270,260,1501,3004,437,510340,23
"141","cuiaba","2020-06-01",141,138,181,46,68,0,36,0,746,2533,432,365,1347,2304,268,1515,3008,444,510340,25
"142","cuiaba","2020-07-01",142,178,180,46,68,0,36,0,816,2527,471,404,1304,2357,258,1566,3015,455,510340,25
"143","cuiaba","2020-08-01",143,168,210,46,68,0,36,2,805,2512,491,424,1271,2366,259,1585,3012,492,510340,25
"144","cuiaba","2020-09-01",144,168,210,46,68,0,36,2,751,2512,491,424,1271,2376,257,1611,3059,498,510340,23
"145","cuiaba","2020-10-01",145,188,201,46,68,0,42,2,759,2474,502,435,1222,2393,257,1602,3018,498,510340,24
"146","cuiaba","2020-11-01",146,158,206,46,68,0,38,2,753,2396,477,410,1185,2407,259,1649,3021,505,510340,23
"147","cuiaba","2020-12-01",147,158,207,46,68,0,42,2,754,2399,478,411,1185,2409,260,1659,3032,506,510340,21
"148","cuiaba","2021-01-01",148,158,202,46,68,0,42,2,757,2394,473,406,1187,2418,262,1652,3032,506,510340,21
"149","cuiaba","2021-02-01",149,178,204,46,68,0,42,2,758,2423,495,428,1197,2490,278,1681,3082,514,510340,21
"150","cuiaba","2021-03-01",150,168,174,46,68,0,42,2,711,2415,455,388,1229,2574,285,1694,3157,528,510340,20
"151","cuiaba","2021-04-01",151,198,171,46,68,0,42,2,719,2426,473,406,1199,2586,286,1733,3141,544,510340,20
"152","cuiaba","2021-05-01",152,208,176,46,68,0,34,2,723,2403,488,421,1178,2672,293,1812,3278,575,510340,22
"153","cuiaba","2021-06-01",153,208,176,46,68,0,34,2,767,2417,497,430,1192,2679,293,1814,3256,583,510340,21
"154","cuiaba","2021-07-01",154,208,186,46,68,0,34,2,764,2448,497,430,1213,2686,294,1848,3291,602,510340,18
"155","curitiba","2019-10-01",155,0,257,169,47,96,68,0,1119,6461,569,426,3519,8535,860,3312,6317,1155,410690,58
"156","curitiba","2019-11-01",156,0,257,169,47,96,68,0,1120,6462,569,426,3519,8578,866,3323,6393,1156,410690,57
"157","curitiba","2019-12-01",157,0,256,169,47,96,68,0,1120,6516,568,425,3562,8595,866,3293,6460,1159,410690,57
"158","curitiba","2020-01-01",158,0,256,169,47,96,68,0,1123,6516,568,425,3562,8620,867,3290,6465,1173,410690,58
"159","curitiba","2020-02-01",159,0,256,169,47,96,68,0,1123,6516,568,425,3562,8678,866,3300,6498,1194,410690,59
"160","curitiba","2020-03-01",160,194,256,169,47,96,68,0,1124,6812,755,618,3551,8847,977,3396,6528,1192,410690,58
"161","curitiba","2020-04-01",161,206,256,169,47,86,67,0,1135,6962,764,631,3715,8918,1002,3505,6757,1204,410690,59
"162","curitiba","2020-05-01",162,206,256,169,47,96,69,0,1145,6967,774,631,3760,9011,1016,3498,6803,1198,410690,58
"163","curitiba","2020-06-01",163,304,256,169,47,96,69,0,1135,7091,854,711,3786,9023,1020,3534,6929,1202,410690,59
"164","curitiba","2020-07-01",164,326,256,169,47,96,71,0,1343,7147,894,751,3818,9050,1023,3537,7077,1223,410690,64
"165","curitiba","2020-08-01",165,326,256,169,27,116,71,0,1283,7109,894,751,3786,9045,1028,3600,7228,1241,410690,67
"166","curitiba","2020-09-01",166,326,256,169,27,116,71,0,1343,7207,894,751,3834,9081,1028,3600,7279,1246,410690,67
"167","curitiba","2020-10-01",167,293,266,169,27,116,71,0,1299,7067,871,728,3774,9134,1034,3610,7341,1253,410690,67
"168","curitiba","2020-11-01",168,364,309,169,27,86,70,0,1364,7178,955,842,3802,9164,1031,3614,7346,1263,410690,67
"169","curitiba","2020-12-01",169,376,309,169,27,86,70,0,1364,7286,967,854,3903,9196,1035,3653,7431,1274,410690,68
"170","curitiba","2021-01-01",170,376,309,169,27,86,70,0,1365,7244,967,854,3861,9227,1049,3704,7736,1293,410690,68
"171","curitiba","2021-02-01",171,425,309,169,27,86,70,0,1365,7293,1016,903,3861,9285,1049,3773,7959,1328,410690,65
"172","curitiba","2021-03-01",172,514,313,169,27,86,70,46,1442,7700,1093,981,4101,9459,1054,3853,8148,1405,410690,63
"173","curitiba","2021-04-01",173,521,313,169,27,86,70,46,1443,7712,1100,988,4106,9557,1069,3988,8335,1487,410690,62
"174","curitiba","2021-05-01",174,531,317,169,27,86,70,46,1446,7726,1114,1002,4106,9576,1070,4042,8454,1523,410690,62
"175","curitiba","2021-06-01",175,540,317,169,27,86,70,50,1484,7289,1118,1006,4090,9506,1072,4174,8977,1554,410690,60
"176","curitiba","2021-07-01",176,540,347,169,27,86,70,64,1513,7292,1148,1036,4049,9534,1076,4187,9013,1551,410690,56
"177","florianopolis","2019-10-01",177,0,66,49,37,1,32,0,347,1842,137,105,1091,3000,369,1221,2127,411,420540,19
"178","florianopolis","2019-11-01",178,0,66,62,37,1,32,0,347,1876,146,114,1112,3009,374,1223,2137,415,420540,20
"179","florianopolis","2019-12-01",179,0,66,62,37,1,32,0,358,1876,146,114,1112,3024,375,1229,2177,422,420540,20
"180","florianopolis","2020-01-01",180,0,66,62,37,1,32,0,358,1876,146,114,1112,3034,375,1225,2191,421,420540,20
"181","florianopolis","2020-02-01",181,0,66,62,37,1,32,0,358,1879,146,114,1115,3036,380,1219,2213,425,420540,20
"182","florianopolis","2020-03-01",182,0,79,62,37,1,32,0,358,1898,153,121,1127,3062,382,1251,2386,430,420540,19
"183","florianopolis","2020-04-01",183,73,70,62,37,1,30,0,358,1940,201,182,1093,3118,381,1280,2501,435,420540,16
"184","florianopolis","2020-05-01",184,95,85,62,32,1,31,0,359,1964,237,219,1078,3140,385,1294,2499,439,420540,22
"185","florianopolis","2020-06-01",185,97,85,62,32,1,31,0,359,1978,238,220,1090,3196,389,1313,2532,443,420540,24
"186","florianopolis","2020-07-01",186,101,85,62,32,1,29,14,372,1981,242,224,1082,3162,386,1333,2592,455,420540,24
"187","florianopolis","2020-08-01",187,115,70,62,32,1,29,14,372,1990,241,223,1092,3158,388,1335,2622,466,420540,25
"188","florianopolis","2020-09-01",188,110,70,62,32,1,29,14,372,1988,236,218,1095,3162,387,1355,2656,472,420540,24
"189","florianopolis","2020-10-01",189,100,70,62,37,1,29,14,372,1981,231,209,1093,3189,387,1371,2649,474,420540,23
"190","florianopolis","2020-11-01",190,100,70,62,37,1,28,14,372,1973,231,209,1093,3213,388,1394,2690,478,420540,23
"191","florianopolis","2020-12-01",191,100,70,62,37,1,28,14,388,1973,231,209,1093,3222,388,1399,2700,487,420540,23
"192","florianopolis","2021-01-01",192,100,70,62,37,1,28,14,388,1973,231,209,1093,3235,389,1407,2718,489,420540,22
"193","florianopolis","2021-02-01",193,104,69,62,32,1,27,14,411,1975,235,212,1093,3264,394,1449,2756,498,420540,21
"194","florianopolis","2021-03-01",194,114,69,62,32,1,30,14,418,2038,245,222,1143,3273,397,1482,2845,522,420540,24
"195","florianopolis","2021-04-01",195,108,69,62,32,1,30,14,414,2032,245,219,1143,3382,399,1493,2897,545,420540,23
"196","florianopolis","2021-05-01",196,108,69,62,32,1,30,15,426,2059,255,229,1169,3403,404,1496,2980,566,420540,25
"197","florianopolis","2021-06-01",197,108,69,62,32,1,30,15,421,2029,255,229,1138,3410,408,1492,2984,582,420540,25
"198","florianopolis","2021-07-01",198,108,69,62,32,1,30,15,420,2029,255,229,1138,3418,412,1490,2993,583,420540,24
"199","fortaleza","2019-10-01",199,0,395,85,75,102,50,0,1323,9537,639,464,5229,6560,827,4504,4798,1468,230440,90
"200","fortaleza","2019-11-01",200,0,396,85,73,102,50,0,1339,9453,638,465,5134,6612,823,4521,4835,1481,230440,88
"201","fortaleza","2019-12-01",201,0,396,85,73,102,50,0,1341,9494,638,465,5174,6687,824,4556,5015,1493,230440,87
"202","fortaleza","2020-01-01",202,0,394,83,73,102,50,0,1339,9494,634,461,5178,6743,826,4625,5208,1511,230440,87
"203","fortaleza","2020-02-01",203,0,386,83,73,100,49,0,1400,9554,640,469,5174,6763,829,4679,5455,1525,230440,83
"204","fortaleza","2020-03-01",204,292,386,83,73,100,49,0,1502,10048,802,631,5376,6868,839,4694,5809,1539,230440,80
"205","fortaleza","2020-04-01",205,550,340,83,73,95,49,0,1415,10502,891,741,5597,6945,857,4742,5891,1557,230440,76
"206","fortaleza","2020-05-01",206,397,340,83,73,95,49,0,1419,10418,806,656,5711,7056,860,4981,5828,1572,230440,78
"207","fortaleza","2020-06-01",207,397,340,83,57,92,48,0,1385,10341,786,655,5684,7050,862,5045,5856,1572,230440,79
"208","fortaleza","2020-07-01",208,408,352,83,66,95,49,0,1612,10428,955,812,5730,7099,863,4980,5905,1582,230440,80
"209","fortaleza","2020-08-01",209,408,352,83,66,95,49,0,1643,10626,955,812,5869,7106,868,5065,5999,1586,230440,79
"210","fortaleza","2020-09-01",210,408,352,83,86,95,50,0,1645,10702,968,812,5867,7142,870,5129,6114,1609,230440,79
"211","fortaleza","2020-10-01",211,282,361,139,86,95,50,0,1666,10731,881,725,5885,7138,867,5190,6285,1634,230440,78
"212","fortaleza","2020-11-01",212,282,361,139,86,95,50,0,1666,10575,881,725,5729,7155,869,5275,6497,1651,230440,78
"213","fortaleza","2020-12-01",213,250,361,139,86,95,50,0,1665,10513,884,728,5701,7197,873,5317,6646,1651,230440,79
"214","fortaleza","2021-01-01",214,233,340,139,85,92,51,0,1586,10237,849,690,5538,7228,893,5389,6671,1656,230440,86
"215","fortaleza","2021-02-01",215,369,339,113,85,92,51,0,1586,10331,949,792,5521,7237,902,5473,6831,1679,230440,87
"216","fortaleza","2021-03-01",216,539,339,113,85,100,51,57,1756,10783,1139,976,5772,7273,916,5523,6978,1682,230440,100
"217","fortaleza","2021-04-01",217,543,339,113,85,100,51,138,1967,11037,1136,973,5932,7334,919,5652,7139,1700,230440,100
"218","fortaleza","2021-05-01",218,520,349,123,64,100,46,197,1996,11044,1114,972,5879,7407,919,5707,7227,1742,230440,101
"219","fortaleza","2021-06-01",219,520,349,123,64,100,46,189,2083,10956,1148,986,5749,7465,930,5680,7298,1742,230440,96
"220","fortaleza","2021-07-01",220,520,358,123,64,100,46,189,2083,10864,1157,995,5713,7412,939,5633,7612,1755,230440,96
"221","goiania","2019-10-01",221,0,434,10,147,0,44,0,875,7186,480,423,3916,5677,729,2300,5617,759,520870,34
"222","goiania","2019-11-01",222,0,434,10,147,0,48,0,875,7370,480,423,3979,5678,731,2305,5664,765,520870,34
"223","goiania","2019-12-01",223,0,434,10,147,0,48,0,875,7370,480,423,3979,5668,731,2334,5714,777,520870,34
"224","goiania","2020-01-01",224,0,474,10,146,0,52,0,897,7593,516,454,4088,5622,723,2340,5737,776,520870,33
"225","goiania","2020-02-01",225,0,474,10,146,0,52,0,898,7593,516,454,4088,5658,714,2344,5734,778,520870,34
"226","goiania","2020-03-01",226,70,575,10,146,0,52,0,889,7865,565,503,4211,5755,713,2370,5799,784,520870,34
"227","goiania","2020-04-01",227,130,472,10,146,0,118,0,924,7914,612,550,4237,5779,722,2397,5842,789,520870,35
"228","goiania","2020-05-01",228,130,472,10,146,0,118,0,935,7914,638,576,4237,5753,640,2413,5850,791,520870,34
"229","goiania","2020-06-01",229,251,472,10,146,0,118,0,952,8075,731,673,4277,5789,642,2430,5926,811,520870,36
"230","goiania","2020-07-01",230,286,482,10,138,0,118,0,942,8152,749,702,4320,5769,636,2440,5915,820,520870,37
"231","goiania","2020-08-01",231,321,482,10,138,0,118,0,966,8220,785,736,4353,5782,650,2427,5983,822,520870,45
"232","goiania","2020-09-01",232,336,482,10,138,0,118,0,966,8235,792,743,4353,5789,653,2444,6003,829,520870,45
"233","goiania","2020-10-01",233,336,482,10,138,0,118,0,966,8255,792,743,4373,5833,654,2467,6044,838,520870,43
"234","goiania","2020-11-01",234,352,482,10,138,0,118,0,966,8267,800,751,4373,5858,651,2474,6089,838,520870,42
"235","goiania","2020-12-01",235,352,484,10,138,0,118,0,1000,8273,802,753,4380,5876,655,2484,6150,834,520870,42
"236","goiania","2021-01-01",236,412,484,10,128,0,117,0,1000,8299,857,808,4365,5930,656,2533,6193,857,520870,41
"237","goiania","2021-02-01",237,498,484,10,128,0,117,30,1005,8435,912,863,4377,5985,649,2564,6254,865,520870,40
"238","goiania","2021-03-01",238,562,484,10,128,0,117,70,1043,8632,965,916,4421,6001,637,2590,6295,882,520870,40
"239","goiania","2021-04-01",239,592,502,10,146,0,117,70,1043,8777,983,934,4490,6073,646,2641,6383,897,520870,39
"240","goiania","2021-05-01",240,641,511,10,146,0,117,70,1047,8890,1012,963,4535,6130,648,2718,6536,921,520870,36
"241","goiania","2021-06-01",241,641,511,10,146,0,117,70,1052,8920,1012,963,4535,6103,647,2761,6568,921,520870,37
"242","goiania","2021-07-01",242,679,521,10,146,0,117,70,1160,9082,1093,1044,4581,6158,649,2823,6676,933,520870,36
"243","joao pessoa","2019-10-01",243,0,154,66,8,7,48,0,387,3391,201,194,1835,2630,356,1808,2760,709,250750,62
"244","joao pessoa","2019-11-01",244,0,145,66,8,7,48,0,373,3266,192,185,1735,2628,353,1784,2651,692,250750,63
"245","joao pessoa","2019-12-01",245,0,145,66,8,7,48,0,373,3266,192,185,1735,2646,351,1784,2650,692,250750,62
"246","joao pessoa","2020-01-01",246,0,145,61,8,7,48,0,370,3296,187,180,1749,2688,349,1811,2660,696,250750,62
"247","joao pessoa","2020-02-01",247,0,145,61,8,7,48,0,373,3285,187,180,1738,2603,344,1793,2636,639,250750,60
"248","joao pessoa","2020-03-01",248,0,154,61,8,7,48,0,378,3365,196,189,1809,2633,348,1807,2637,649,250750,61
"249","joao pessoa","2020-04-01",249,0,154,62,8,7,47,0,390,3438,197,190,1844,2635,346,1819,2652,657,250750,60
"250","joao pessoa","2020-05-01",250,26,154,62,8,7,47,0,435,3423,223,216,1870,2654,345,1822,2654,672,250750,61
"251","joao pessoa","2020-06-01",251,76,140,62,8,7,47,0,435,3522,244,237,1813,2723,350,1839,2660,692,250750,64
"252","joao pessoa","2020-07-01",252,76,140,62,8,7,47,0,438,3502,244,237,1793,2821,364,1874,2741,736,250750,64
"253","joao pessoa","2020-08-01",253,76,140,67,8,7,47,0,438,3507,249,242,1793,2812,365,1877,2761,740,250750,64
"254","joao pessoa","2020-09-01",254,81,140,67,8,7,47,25,459,3537,275,268,1793,2801,364,1895,2832,754,250750,64
"255","joao pessoa","2020-10-01",255,81,140,67,8,7,47,25,452,3595,272,265,1854,2812,366,1929,2917,753,250750,64
"256","joao pessoa","2020-11-01",256,81,140,67,8,7,47,25,452,3611,272,265,1864,2809,365,1930,2936,762,250750,61
"257","joao pessoa","2020-12-01",257,81,140,67,8,7,47,25,475,3680,272,265,1933,2810,366,1931,2940,760,250750,61
"258","joao pessoa","2021-01-01",258,108,161,67,8,7,47,25,475,3859,315,308,2063,2821,363,1929,2942,759,250750,60
"259","joao pessoa","2021-02-01",259,134,161,75,8,7,47,29,481,3951,349,342,2113,2873,364,1930,2951,772,250750,59
"260","joao pessoa","2021-03-01",260,149,161,75,8,7,47,29,481,3972,364,357,2113,2897,364,1958,2962,784,250750,59
"261","joao pessoa","2021-04-01",261,169,161,75,17,7,48,29,485,4012,390,377,2123,2921,366,2078,2957,786,250750,60
"262","joao pessoa","2021-05-01",262,209,161,96,17,16,54,29,485,4025,460,438,2064,2949,370,2049,2955,787,250750,60
"263","joao pessoa","2021-06-01",263,209,161,96,17,16,54,34,485,4044,460,438,2078,2941,371,2025,2961,780,250750,61
"264","joao pessoa","2021-07-01",264,209,168,96,17,16,54,34,498,4095,463,441,2124,2939,370,2030,3133,772,250750,59
"265","macapa","2019-10-01",265,0,20,0,20,4,17,0,78,862,38,20,409,606,51,612,1599,236,160030,3
"266","macapa","2019-11-01",266,0,20,0,20,4,17,0,78,862,38,20,409,622,51,632,1625,239,160030,3
"267","macapa","2019-12-01",267,0,20,0,20,4,17,0,78,862,38,20,409,631,51,631,1626,239,160030,3
"268","macapa","2020-01-01",268,0,20,0,20,4,17,0,78,862,38,20,409,645,50,672,1676,249,160030,3
"269","macapa","2020-02-01",269,0,20,0,20,4,17,0,78,868,38,20,409,648,50,683,1674,249,160030,3
"270","macapa","2020-03-01",270,13,20,0,20,4,17,0,95,893,51,33,421,654,49,683,1676,250,160030,3
"271","macapa","2020-04-01",271,27,20,0,20,4,17,0,96,966,63,47,480,654,49,683,1678,251,160030,3
"272","macapa","2020-05-01",272,37,20,0,20,4,17,0,96,1067,73,57,556,650,49,696,1677,250,160030,3
"273","macapa","2020-06-01",273,37,20,0,15,4,16,0,141,1008,71,57,518,644,49,692,1674,253,160030,3
"274","macapa","2020-07-01",274,67,20,0,15,4,13,0,142,1104,101,87,573,648,49,697,1680,255,160030,3
"275","macapa","2020-08-01",275,77,20,0,15,4,10,0,142,1036,111,97,548,665,50,734,1696,260,160030,3
"276","macapa","2020-09-01",276,45,20,0,19,4,10,0,149,988,83,65,533,668,49,755,1689,264,160030,3
"277","macapa","2020-10-01",277,35,20,0,19,4,10,0,135,945,73,55,520,675,49,760,1704,263,160030,3
"278","macapa","2020-11-01",278,55,20,0,19,4,10,0,135,1023,93,75,566,681,50,778,1708,263,160030,3
"279","macapa","2020-12-01",279,61,20,0,19,4,10,0,135,1031,99,81,570,681,51,782,1703,267,160030,3
"280","macapa","2021-01-01",280,76,20,0,19,4,10,0,137,1046,112,96,576,682,50,791,1717,268,160030,3
"281","macapa","2021-02-01",281,86,20,0,19,4,10,0,137,1080,118,102,600,700,52,798,1739,270,160030,4
"282","macapa","2021-03-01",282,123,20,0,19,4,10,0,157,1201,146,130,684,724,55,801,1742,275,160030,4
"283","macapa","2021-04-01",283,123,20,0,19,4,10,0,170,1221,146,130,704,728,55,817,1760,282,160030,4
"284","macapa","2021-05-01",284,123,20,0,19,4,10,0,170,1221,146,130,704,730,55,856,1803,290,160030,4
"285","macapa","2021-06-01",285,123,20,0,18,4,10,0,170,1220,145,130,704,738,55,864,1820,294,160030,4
"286","macapa","2021-07-01",286,108,20,0,18,4,10,0,153,1175,133,118,674,733,55,867,1844,299,160030,4
"287","maceio","2019-10-01",287,0,112,11,42,0,17,0,345,3170,160,123,1537,2631,266,1447,2607,660,270430,13
"288","maceio","2019-11-01",288,0,121,11,42,0,18,0,359,3286,169,132,1573,2639,266,1462,2631,662,270430,13
"289","maceio","2019-12-01",289,0,121,11,42,0,18,0,359,3286,169,132,1573,2661,271,1471,2634,662,270430,14
"290","maceio","2020-01-01",290,0,121,11,42,0,19,0,359,3295,169,132,1574,2672,266,1508,2640,665,270430,14
"291","maceio","2020-02-01",291,0,121,11,42,0,19,0,359,3295,169,132,1574,2683,265,1527,2660,669,270430,14
"292","maceio","2020-03-01",292,93,118,11,42,0,19,0,387,3496,249,221,1666,2705,262,1546,2680,667,270430,14
"293","maceio","2020-04-01",293,126,121,11,42,0,19,0,416,3598,295,258,1732,2728,266,1567,2673,676,270430,18
"294","maceio","2020-05-01",294,156,116,6,42,0,19,0,450,3905,315,278,2009,2751,268,1599,2695,682,270430,18
"295","maceio","2020-06-01",295,166,116,6,42,0,19,0,450,3905,325,288,2009,2765,274,1610,2706,681,270430,26
"296","maceio","2020-07-01",296,161,116,6,42,0,19,0,450,3900,320,283,2009,2824,282,1648,2749,710,270430,31
"297","maceio","2020-08-01",297,171,116,6,42,0,19,0,450,3946,329,292,2031,2833,280,1667,2803,715,270430,31
"298","maceio","2020-09-01",298,171,116,6,42,0,22,0,450,3951,329,292,2030,2864,281,1698,2877,718,270430,31
"299","maceio","2020-10-01",299,151,124,6,42,0,24,0,449,3926,317,280,2014,2874,282,1726,2880,722,270430,34
"300","maceio","2020-11-01",300,151,124,6,42,0,24,0,449,3930,317,280,2018,2879,283,1726,2893,724,270430,33
"301","maceio","2020-12-01",301,147,124,6,42,0,24,0,445,3781,314,277,1868,2897,282,1730,2894,726,270430,31
"302","maceio","2021-01-01",302,147,124,6,42,0,24,0,446,3788,314,277,1872,2920,287,1762,2946,726,270430,34
"303","maceio","2021-02-01",303,206,124,6,42,0,24,0,516,3847,373,336,1872,2921,290,1770,2973,725,270430,33
"304","maceio","2021-03-01",304,240,124,6,42,0,24,0,516,3681,407,370,1872,2920,291,1767,3003,728,270430,34
"305","maceio","2021-04-01",305,240,124,6,42,0,24,10,516,3690,407,370,1897,2951,293,1824,3070,737,270430,34
"306","maceio","2021-05-01",306,240,124,6,42,0,24,10,516,3690,407,370,1897,2965,292,1880,3083,741,270430,32
"307","maceio","2021-06-01",307,240,124,6,42,0,24,11,516,3691,407,370,1897,2965,292,1882,3101,728,270430,33
"308","maceio","2021-07-01",308,240,124,6,42,0,24,11,516,3691,407,370,1897,2957,291,1891,3113,730,270430,33
"309","manaus","2019-10-01",309,0,197,28,48,1,111,0,773,4093,273,225,2051,3629,343,2692,6504,416,130260,57
"310","manaus","2019-11-01",310,0,197,28,48,1,111,0,785,4145,273,225,2084,3652,342,2531,6498,427,130260,57
"311","manaus","2019-12-01",311,0,197,28,46,1,116,0,786,4170,271,225,2107,3655,344,2546,6553,437,130260,58
"312","manaus","2020-01-01",312,0,197,28,46,1,116,0,786,4170,271,225,2107,3633,343,2532,6605,448,130260,61
"313","manaus","2020-02-01",313,0,197,28,46,1,116,0,786,4184,271,225,2117,3631,344,2574,6759,458,130260,60
"314","manaus","2020-03-01",314,0,197,28,48,1,116,0,786,4271,271,225,2200,3679,350,2699,6854,471,130260,62
"315","manaus","2020-04-01",315,224,193,28,46,1,116,0,960,4685,481,435,2430,3695,351,2940,7001,476,130260,61
"316","manaus","2020-05-01",316,254,193,28,46,1,110,0,989,4741,512,466,2464,3707,352,3027,7359,494,130260,61
"317","manaus","2020-06-01",317,211,193,28,46,1,110,0,1007,4552,476,430,2315,3729,350,3111,7515,521,130260,61
"318","manaus","2020-07-01",318,196,193,46,46,1,108,0,993,4538,479,433,2397,3738,350,3174,7489,522,130260,64
"319","manaus","2020-08-01",319,172,193,46,46,1,94,0,1006,4502,457,411,2400,3735,348,3241,7334,524,130260,66
"320","manaus","2020-09-01",320,172,193,46,46,4,120,0,1001,4495,460,411,2383,3737,345,3235,7358,528,130260,65
"321","manaus","2020-10-01",321,183,197,46,46,1,95,0,1013,4542,472,426,2400,3724,345,3251,7366,540,130260,65
"322","manaus","2020-11-01",322,148,202,46,46,1,126,0,978,4370,442,396,2267,3729,347,3174,7387,538,130260,67
"323","manaus","2020-12-01",323,203,202,46,62,1,125,2,1064,4613,497,451,2433,3745,353,3185,7518,549,130260,65
"324","manaus","2021-01-01",324,298,203,46,56,1,125,0,993,4619,569,523,2347,3734,350,3305,7557,584,130260,64
"325","manaus","2021-02-01",325,293,202,46,72,1,106,0,1012,4689,565,519,2424,3766,351,3339,7596,595,130260,64
"326","manaus","2021-03-01",326,360,202,46,72,1,109,0,1069,4839,632,586,2473,3819,350,3444,7572,623,130260,63
"327","manaus","2021-04-01",327,340,202,46,72,1,107,0,1070,4727,612,566,2382,3884,361,3517,7652,667,130260,69
"328","manaus","2021-05-01",328,340,224,46,72,1,107,0,1071,4753,634,588,2382,3906,366,3540,7701,674,130260,69
"329","manaus","2021-06-01",329,340,224,46,72,1,107,0,1071,4752,634,588,2381,3935,368,3575,7740,698,130260,69
"330","manaus","2021-07-01",330,340,224,46,72,1,107,0,1072,4787,634,588,2416,3927,370,3606,7752,701,130260,69
"331","natal","2019-10-01",331,0,196,19,67,21,26,0,491,3632,269,185,2051,2770,375,1380,3163,413,240810,44
"332","natal","2019-11-01",332,0,196,19,67,21,26,0,491,3633,269,185,2037,2825,380,1427,3320,422,240810,42
"333","natal","2019-12-01",333,0,196,19,67,21,26,0,491,3633,269,185,2037,2850,379,1417,3310,422,240810,42
"334","natal","2020-01-01",334,0,196,19,50,21,26,0,464,3455,264,197,1931,2767,376,1393,3289,358,240810,38
"335","natal","2020-02-01",335,0,196,19,71,21,26,0,509,3575,284,197,1940,2709,374,1399,3278,374,240810,42
"336","natal","2020-03-01",336,59,196,19,67,21,26,0,511,3656,317,235,1947,2721,380,1408,3286,378,240810,42
"337","natal","2020-04-01",337,131,184,19,67,21,26,0,535,3793,363,283,2006,2432,379,1330,3201,362,240810,40
"338","natal","2020-05-01",338,172,184,19,67,29,26,0,599,3902,419,331,2066,2487,396,1355,3230,371,240810,52
"339","natal","2020-06-01",339,172,184,19,94,29,24,0,590,3893,444,325,2041,2588,367,1437,3385,324,240810,41
"340","natal","2020-07-01",340,187,184,19,98,29,24,0,589,4083,455,336,2189,2642,364,1478,3486,339,240810,40
"341","natal","2020-08-01",341,194,184,19,46,29,24,26,602,3961,427,360,2117,2674,360,1447,3292,384,240810,43
"342","natal","2020-09-01",342,194,194,19,46,29,24,27,602,3984,437,370,2117,2705,360,1455,3299,387,240810,42
"343","natal","2020-10-01",343,194,194,19,46,29,24,27,616,4078,437,370,2185,2724,359,1434,3285,391,240810,41
"344","natal","2020-11-01",344,167,194,19,44,29,24,27,617,4084,398,333,2227,2740,360,1460,3309,392,240810,42
"345","natal","2020-12-01",345,142,209,19,44,29,29,27,617,4113,393,328,2266,2725,362,1459,3320,392,240810,42
"346","natal","2021-01-01",346,142,209,19,64,29,29,27,643,4266,413,328,2361,2778,364,1544,3649,405,240810,38
"347","natal","2021-02-01",347,193,209,19,72,29,26,23,710,4300,483,400,2384,2824,365,1585,3764,426,240810,37
"348","natal","2021-03-01",348,258,208,19,72,29,26,93,801,4461,548,465,2404,2829,368,1602,3756,443,240810,37
"349","natal","2021-04-01",349,263,208,19,72,33,25,64,825,4404,558,470,2377,2843,375,1622,3682,438,240810,36
"350","natal","2021-05-01",350,266,198,19,72,29,25,109,797,4338,547,463,2297,2903,370,1660,3694,440,240810,35
"351","natal","2021-06-01",351,276,198,19,72,29,25,109,803,4380,557,473,2324,2969,366,1703,3850,471,240810,34
"352","natal","2021-07-01",352,271,208,19,72,29,27,105,809,4454,552,468,2395,3030,369,1748,3916,484,240810,36
"353","palmas","2019-10-01",353,0,36,21,18,0,9,0,159,1168,74,57,806,848,86,940,1436,264,172100,2
"354","palmas","2019-11-01",354,0,36,21,18,0,9,0,159,1168,74,57,806,843,86,944,1469,267,172100,2
"355","palmas","2019-12-01",355,0,36,21,18,0,9,0,159,1168,74,57,806,854,85,951,1491,269,172100,2
"356","palmas","2020-01-01",356,0,36,21,18,0,9,0,159,1168,74,57,806,865,85,972,1532,272,172100,2
"357","palmas","2020-02-01",357,0,36,21,18,0,9,0,151,1148,74,57,790,844,85,958,1519,271,172100,2
"358","palmas","2020-03-01",358,0,36,21,18,0,9,0,159,1168,74,57,806,854,83,986,1528,273,172100,2
"359","palmas","2020-04-01",359,16,36,18,18,0,9,0,159,1162,87,70,806,847,84,989,1528,273,172100,2
"360","palmas","2020-05-01",360,16,36,18,30,0,9,0,178,1174,99,70,786,851,83,997,1540,271,172100,2
"361","palmas","2020-06-01",361,16,36,18,30,0,9,0,178,1190,99,70,794,861,83,1011,1613,277,172100,2
"362","palmas","2020-07-01",362,49,28,28,25,0,9,0,178,1228,119,102,794,862,84,1033,1645,277,172100,3
"363","palmas","2020-08-01",363,92,28,23,22,4,9,24,186,1324,140,124,812,869,84,1053,1703,282,172100,2
"364","palmas","2020-09-01",364,92,28,23,22,4,9,24,186,1317,140,124,811,874,84,1077,1731,286,172100,2
"365","palmas","2020-10-01",365,82,28,23,22,4,9,24,211,1226,140,124,720,875,84,1075,1730,286,172100,2
"366","palmas","2020-11-01",366,82,28,23,22,4,9,24,211,1216,140,124,720,876,84,1066,1735,285,172100,2
"367","palmas","2020-12-01",367,92,28,23,22,4,9,24,211,1286,140,124,780,870,84,1074,1757,290,172100,2
"368","palmas","2021-01-01",368,92,28,23,22,4,9,24,214,1286,140,124,780,869,84,1079,1759,289,172100,2
"369","palmas","2021-02-01",369,92,28,23,22,4,9,0,224,1262,150,134,780,874,84,1082,1749,287,172100,2
"370","palmas","2021-03-01",370,96,28,23,22,4,9,30,269,1300,154,138,784,874,85,1089,1740,288,172100,2
"371","palmas","2021-04-01",371,108,26,23,32,0,9,30,308,1316,172,148,784,889,87,1107,1782,295,172100,2
"372","palmas","2021-05-01",372,119,26,23,32,0,9,140,338,1442,183,159,784,916,92,1114,1770,296,172100,2
"373","palmas","2021-06-01",373,119,26,23,32,0,9,140,338,1442,183,159,784,929,94,1124,1766,304,172100,3
"374","palmas","2021-07-01",374,119,26,23,32,0,9,140,338,1442,183,159,784,921,94,1113,1767,302,172100,3
"375","porto alegre","2019-10-01",375,0,116,449,42,90,107,0,1055,8248,677,565,4776,8853,1065,4117,9041,970,431490,96
"376","porto alegre","2019-11-01",376,0,117,449,42,90,118,0,1054,8283,678,566,4810,8826,1057,4117,9078,957,431490,96
"377","porto alegre","2019-12-01",377,0,117,451,42,90,118,0,1055,8275,678,566,4800,8811,1056,4129,9080,964,431490,94
"378","porto alegre","2020-01-01",378,0,117,451,42,90,118,0,1055,8275,678,566,4744,8884,1070,4166,9106,980,431490,94
"379","porto alegre","2020-02-01",379,0,117,451,42,90,118,0,1057,8291,678,566,4752,8949,1073,4184,9061,978,431490,95
"380","porto alegre","2020-03-01",380,108,117,451,42,90,118,0,1121,8384,782,670,4737,9130,1075,4229,9107,981,431490,95
"381","porto alegre","2020-04-01",381,108,117,502,52,90,118,0,1348,8460,848,725,4754,9144,1076,4240,9119,973,431490,89
"382","porto alegre","2020-05-01",382,108,97,562,10,72,118,0,1343,8380,828,765,4755,9099,1072,4280,9177,978,431490,88
"383","porto alegre","2020-06-01",383,233,107,562,10,72,118,0,1352,8579,963,900,4802,9106,1075,4302,9234,990,431490,87
"384","porto alegre","2020-07-01",384,263,107,562,10,72,118,0,1423,8564,993,930,4772,9104,1078,4338,9278,990,431490,86
"385","porto alegre","2020-08-01",385,321,107,562,10,72,118,0,1437,8473,1051,988,4692,9125,1082,4372,9409,992,431490,84
"386","porto alegre","2020-09-01",386,321,107,562,10,72,107,0,1548,8398,1051,988,4632,9129,1081,4417,9517,996,431490,84
"387","porto alegre","2020-10-01",387,285,107,562,10,72,83,0,1549,8365,1015,952,4657,9136,1084,4457,9723,1008,431490,84
"388","porto alegre","2020-11-01",388,285,107,562,10,72,83,0,1548,8370,1015,952,4662,9140,1080,4467,9788,1017,431490,83
"389","porto alegre","2020-12-01",389,277,114,562,10,72,85,0,1527,8353,1014,951,4644,9321,1124,4681,11718,1075,431490,90
"390","porto alegre","2021-01-01",390,277,114,562,10,72,85,0,1522,8337,1014,951,4630,9447,1120,4739,12052,1093,431490,88
"391","porto alegre","2021-02-01",391,337,124,562,10,72,85,0,1564,8285,1084,1021,4564,9468,1133,4757,12241,1102,431490,97
"392","porto alegre","2021-03-01",392,508,110,535,10,72,82,0,1651,8396,1214,1151,4553,9631,1132,4796,12340,1118,431490,96
"393","porto alegre","2021-04-01",393,502,149,535,10,72,82,0,1648,8462,1241,1178,4596,9540,1128,4867,12589,1144,431490,94
"394","porto alegre","2021-05-01",394,565,149,517,10,72,81,0,1647,8461,1286,1223,4520,9477,1131,4884,12641,1144,431490,94
"395","porto alegre","2021-06-01",395,547,143,517,10,72,81,0,1648,8430,1262,1199,4518,9522,1136,4860,12559,1143,431490,97
"396","porto alegre","2021-07-01",396,547,143,517,10,72,81,0,1648,8445,1262,1199,4514,9541,1128,4869,12665,1152,431490,96
"397","porto velho","2019-10-01",397,0,148,0,26,0,11,0,271,2175,165,148,1398,1209,102,813,2261,227,110020,13
"398","porto velho","2019-11-01",398,0,148,0,26,0,11,0,271,2175,165,148,1398,1216,105,832,2289,230,110020,14
"399","porto velho","2019-12-01",399,0,138,0,26,0,10,0,256,2019,155,138,1282,1191,102,809,2210,197,110020,14
"400","porto velho","2020-01-01",400,0,138,0,26,0,10,0,256,2019,155,138,1282,1175,98,802,2205,200,110020,13
"401","porto velho","2020-02-01",401,0,138,0,26,0,10,0,256,2016,155,138,1279,1179,99,812,2215,218,110020,13
"402","porto velho","2020-03-01",402,10,148,0,31,0,8,0,261,2064,178,158,1318,1186,100,840,2300,220,110020,14
"403","porto velho","2020-04-01",403,22,139,0,36,0,7,0,257,2045,181,161,1269,1199,99,852,2306,242,110020,13
"404","porto velho","2020-05-01",404,63,134,0,26,2,6,0,258,2089,215,195,1306,1252,109,909,2442,255,110020,15
"405","porto velho","2020-06-01",405,96,135,0,26,2,4,0,326,2169,251,231,1359,1284,108,996,2504,287,110020,15
"406","porto velho","2020-07-01",406,92,155,0,29,2,4,24,327,2243,269,247,1413,1291,104,1033,2611,289,110020,12
"407","porto velho","2020-08-01",407,145,155,0,29,3,8,24,368,2322,322,299,1416,1311,110,1076,2723,315,110020,12
"408","porto velho","2020-09-01",408,115,155,0,37,3,8,24,368,2326,293,270,1443,1327,111,1103,2732,325,110020,12
"409","porto velho","2020-10-01",409,115,155,0,37,3,8,24,368,2342,293,270,1459,1328,111,1102,2725,326,110020,12
"410","porto velho","2020-11-01",410,115,155,0,37,3,8,24,369,2345,293,270,1462,1330,110,1107,2724,327,110020,12
"411","porto velho","2020-12-01",411,98,155,0,37,3,8,24,389,2345,276,253,1479,1350,110,1116,2701,334,110020,12
"412","porto velho","2021-01-01",412,110,155,0,37,3,8,24,389,2317,288,265,1447,1332,106,1121,2726,332,110020,12
"413","porto velho","2021-02-01",413,180,155,0,37,3,8,24,465,2422,358,335,1466,1384,111,1161,2826,349,110020,13
"414","porto velho","2021-03-01",414,217,145,0,37,2,8,27,468,2503,384,362,1489,1413,113,1180,2873,355,110020,13
"415","porto velho","2021-04-01",415,217,145,0,37,2,8,20,483,2531,384,362,1490,1434,118,1216,2929,365,110020,15
"416","porto velho","2021-05-01",416,216,154,0,37,2,8,20,498,2509,392,370,1458,1441,116,1232,2973,374,110020,15
"417","porto velho","2021-06-01",417,230,154,0,37,2,8,20,500,2509,406,384,1393,1453,119,1252,3007,375,110020,15
"418","porto velho","2021-07-01",418,237,154,0,37,2,8,20,539,2499,413,391,1376,1465,121,1247,3034,380,110020,14
"419","recife","2019-10-01",419,0,601,133,199,15,79,0,1660,10407,859,717,6224,6654,1108,4381,10032,1166,261160,115
"420","recife","2019-11-01",420,0,594,133,218,15,79,0,1683,10483,870,710,6258,6668,1108,4400,10053,1166,261160,118
"421","recife","2019-12-01",421,0,594,133,218,15,79,0,1682,10485,870,710,6260,6697,1104,4416,9528,1141,261160,116
"422","recife","2020-01-01",422,0,516,133,218,4,75,0,1623,9832,793,639,5964,6372,1093,4340,9361,987,261160,119
"423","recife","2020-02-01",423,0,516,133,224,4,75,0,1624,9862,794,639,5988,6367,1097,4308,9280,988,261160,121
"424","recife","2020-03-01",424,498,496,133,184,4,48,0,1865,10748,1245,1106,6563,6221,1098,4282,9191,934,261160,120
"425","recife","2020-04-01",425,635,519,133,184,7,49,0,1909,11315,1398,1263,6872,6352,1127,4552,10197,1021,261160,143
"426","recife","2020-05-01",426,817,509,133,184,7,49,0,1952,11593,1581,1428,6980,6451,1129,4665,10452,1052,261160,157
"427","recife","2020-06-01",427,827,509,133,174,7,49,0,1980,11578,1581,1438,6989,6469,1125,4779,10882,1112,261160,152
"428","recife","2020-07-01",428,577,537,133,162,7,49,280,1995,11392,1352,1216,6713,6609,1115,4961,11190,1155,261160,147
"429","recife","2020-08-01",429,562,577,133,122,7,50,280,1996,11354,1340,1231,6659,6638,1118,5031,11209,1169,261160,142
"430","recife","2020-09-01",430,572,607,133,122,7,52,180,1926,11015,1375,1266,6361,6632,1120,5064,11200,1181,261160,144
"431","recife","2020-10-01",431,554,607,133,122,7,52,180,1949,10987,1367,1258,6352,6626,1115,5053,11136,1164,261160,140
"432","recife","2020-11-01",432,574,607,133,122,7,52,100,1869,10898,1379,1270,6343,6597,1113,5029,11128,1170,261160,135
"433","recife","2020-12-01",433,584,607,133,122,7,52,100,1893,10938,1384,1275,6366,6667,1124,5049,11267,1179,261160,140
"434","recife","2021-01-01",434,585,597,133,122,7,52,100,1894,10940,1375,1266,6377,6689,1113,5079,11288,1182,261160,125
"435","recife","2021-02-01",435,649,597,133,102,7,52,100,1883,11019,1410,1313,6376,6681,1121,5135,11386,1202,261160,125
"436","recife","2021-03-01",436,706,597,133,102,7,52,100,1947,11098,1464,1367,6403,6700,1112,5198,11458,1208,261160,127
"437","recife","2021-04-01",437,728,597,133,102,7,52,100,1976,11082,1485,1388,6365,6734,1138,5308,11671,1255,261160,145
"438","recife","2021-05-01",438,728,597,133,102,7,52,100,1976,11198,1485,1388,6371,6751,1133,5392,11799,1259,261160,146
"439","recife","2021-06-01",439,726,597,133,122,7,52,100,2044,11243,1495,1386,6418,6828,1137,5447,11890,1278,261160,145
"440","recife","2021-07-01",440,726,597,133,122,7,52,100,2046,11180,1495,1386,6355,6852,1135,5479,11923,1311,261160,145
"441","rio branco","2019-10-01",441,0,36,0,0,5,19,0,123,991,41,36,529,672,49,609,1110,127,120040,1
"442","rio branco","2019-11-01",442,0,41,0,0,5,19,0,123,996,46,41,529,675,49,623,1152,131,120040,1
"443","rio branco","2019-12-01",443,0,41,0,0,5,19,0,123,1009,46,41,543,680,50,623,1165,131,120040,1
"444","rio branco","2020-01-01",444,0,41,0,0,5,19,0,123,1009,46,41,543,682,47,633,1170,132,120040,1
"445","rio branco","2020-02-01",445,0,41,0,0,5,19,0,123,1009,46,41,543,698,47,636,1174,132,120040,1
"446","rio branco","2020-03-01",446,10,41,0,0,5,19,0,123,1033,56,51,558,699,48,642,1176,136,120040,1
"447","rio branco","2020-04-01",447,30,41,0,0,5,19,0,123,1053,76,71,558,718,48,643,1175,137,120040,1
"448","rio branco","2020-05-01",448,30,51,0,0,12,19,0,122,1112,93,81,624,724,50,654,1195,138,120040,1
"449","rio branco","2020-06-01",449,40,51,0,0,12,19,0,106,1122,100,91,624,737,50,650,1265,154,120040,1
"450","rio branco","2020-07-01",450,40,51,0,0,12,19,0,106,1122,100,91,624,733,52,666,1289,158,120040,1
"451","rio branco","2020-08-01",451,70,47,0,0,12,19,0,107,1204,116,108,680,739,52,671,1300,155,120040,1
"452","rio branco","2020-09-01",452,70,47,0,0,12,19,0,106,1204,116,108,680,739,54,668,1283,154,120040,2
"453","rio branco","2020-10-01",453,70,47,0,0,12,19,0,116,1148,116,108,638,740,53,676,1268,151,120040,2
"454","rio branco","2020-11-01",454,70,47,0,0,12,19,0,116,1148,116,108,638,739,53,679,1268,153,120040,2
"455","rio branco","2020-12-01",455,70,47,0,0,12,19,0,116,1148,116,108,638,737,52,680,1269,153,120040,2
"456","rio branco","2021-01-01",456,70,47,0,0,12,19,0,116,1155,116,108,642,749,54,682,1274,155,120040,2
"457","rio branco","2021-02-01",457,90,47,0,0,12,19,0,117,1249,126,118,678,750,55,694,1281,162,120040,2
"458","rio branco","2021-03-01",458,90,47,0,16,37,19,174,253,1480,159,137,694,796,55,698,1283,169,120040,2
"459","rio branco","2021-04-01",459,90,47,0,16,40,19,174,253,1483,162,137,694,794,56,703,1305,171,120040,2
"460","rio branco","2021-05-01",460,90,47,0,16,40,18,174,252,1433,162,137,649,799,56,725,1402,180,120040,2
"461","rio branco","2021-06-01",461,70,47,0,16,43,20,100,255,1300,145,117,592,806,56,738,1420,187,120040,2
"462","rio branco","2021-07-01",462,70,47,0,16,43,20,100,255,1300,145,117,592,813,59,740,1418,188,120040,2
"463","rio de janeiro","2019-10-01",463,0,820,624,1275,450,193,0,4455,21344,2746,1329,11558,22172,2891,13011,21221,2812,330455,397
"464","rio de janeiro","2019-11-01",464,0,810,614,1265,450,192,0,4425,21111,2730,1309,11446,22101,2895,12994,21165,2834,330455,402
"465","rio de janeiro","2019-12-01",465,0,800,614,1119,383,183,0,4253,20222,2586,1299,10912,22073,2885,12921,20600,2835,330455,406
"466","rio de janeiro","2020-01-01",466,0,635,685,785,357,147,0,3753,17393,2194,1219,9512,20894,2739,12114,19085,2404,330455,423
"467","rio de janeiro","2020-02-01",467,0,647,640,980,390,169,0,3950,17976,2370,1226,9698,20619,2704,12813,20006,2455,330455,399
"468","rio de janeiro","2020-03-01",468,373,695,677,987,404,178,0,4109,19034,2748,1584,10032,21076,2739,13100,20561,2497,330455,396
"469","rio de janeiro","2020-04-01",469,708,685,677,987,499,174,0,4268,19731,3102,1899,10317,21166,2736,13193,20508,2500,330455,402
"470","rio de janeiro","2020-05-01",470,816,685,723,980,521,173,0,4347,20072,3263,2068,10623,21222,2745,13506,20972,2558,330455,442
"471","rio de janeiro","2020-06-01",471,1004,703,781,1024,485,188,0,4575,20974,3495,2242,11252,20301,2595,14006,21833,2494,330455,432
"472","rio de janeiro","2020-07-01",472,930,740,820,1031,484,190,121,4747,21632,3472,2213,11468,20581,2621,14224,22235,2539,330455,422
"473","rio de janeiro","2020-08-01",473,856,732,786,1003,483,175,121,4696,21112,3386,2106,10992,20507,2594,14162,22021,2523,330455,400
"474","rio de janeiro","2020-09-01",474,774,732,786,1021,483,177,119,4753,21212,3315,2029,11043,20553,2615,14183,22214,2535,330455,407
"475","rio de janeiro","2020-10-01",475,835,732,806,992,501,182,122,4773,21376,3331,2051,11164,20733,2627,14155,22490,2563,330455,410
"476","rio de janeiro","2020-11-01",476,803,732,806,1021,501,182,167,4792,21466,3368,2064,11214,20799,2628,14163,22532,2554,330455,407
"477","rio de janeiro","2020-12-01",477,842,752,845,1063,505,219,209,5040,22219,3576,2268,11681,21139,2636,14395,23317,2557,330455,414
"478","rio de janeiro","2021-01-01",478,812,714,846,1091,526,219,209,5273,22072,3591,2237,11723,21228,2663,14716,24780,2622,330455,455
"479","rio de janeiro","2021-02-01",479,680,666,846,1091,526,219,219,5178,21683,3429,2075,11485,21389,2662,14975,25909,2669,330455,449
"480","rio de janeiro","2021-03-01",480,719,685,842,1063,534,220,197,5251,21645,3478,2129,11486,21759,2718,15325,26479,2691,330455,445
"481","rio de janeiro","2021-04-01",481,781,591,856,1047,539,221,101,5199,21151,3439,2116,11084,22236,2770,15694,28042,2786,330455,473
"482","rio de janeiro","2021-05-01",482,833,619,913,1049,538,225,131,5265,21695,3530,2215,11438,22659,2725,15834,28473,2879,330455,466
"483","rio de janeiro","2021-06-01",483,833,619,913,941,520,220,161,5175,21438,3451,2215,11325,22750,2693,15714,28419,2857,330455,468
"484","rio de janeiro","2021-07-01",484,825,624,913,1069,552,228,113,5279,21718,3555,2212,11404,23011,2716,16128,29768,2944,330455,455
"485","salvador","2019-10-01",485,0,701,163,9,97,74,0,1487,9743,929,823,4757,8705,1018,6328,10287,2016,292740,145
"486","salvador","2019-11-01",486,0,713,163,9,95,74,0,1495,9787,939,835,4811,8723,1017,6244,10202,2004,292740,145
"487","salvador","2019-12-01",487,0,716,163,9,95,75,0,1488,9798,937,833,4821,8839,1047,6289,10258,2010,292740,164
"488","salvador","2020-01-01",488,0,713,163,9,95,75,0,1491,9811,934,830,4821,8899,1047,6303,10269,2020,292740,163
"489","salvador","2020-02-01",489,0,703,173,9,95,75,0,1508,9795,934,830,4800,9061,1051,6329,10337,2030,292740,163
"490","salvador","2020-03-01",490,552,717,173,9,95,76,0,1562,10833,1299,1195,5223,9165,1069,6398,10441,2050,292740,168
"491","salvador","2020-04-01",491,790,717,173,9,95,68,0,1730,11293,1504,1400,5476,9267,1074,6464,10552,2087,292740,175
"492","salvador","2020-05-01",492,663,717,173,9,95,68,0,1830,11136,1490,1386,5447,9320,1067,6624,10798,2131,292740,167
"493","salvador","2020-06-01",493,768,717,173,9,95,68,0,1888,11243,1689,1585,5447,9380,1072,6716,10981,2168,292740,168
"494","salvador","2020-07-01",494,808,717,173,9,95,68,20,1987,11400,1732,1628,5544,9403,1066,6827,11017,2191,292740,167
"495","salvador","2020-08-01",495,810,717,173,9,95,68,20,1991,11402,1734,1630,5544,9421,1070,6905,11157,2190,292740,166
"496","salvador","2020-09-01",496,748,719,173,9,95,68,20,1991,11166,1674,1570,5363,9454,1076,6975,11312,2197,292740,169
"497","salvador","2020-10-01",497,721,714,173,9,95,68,20,2003,11115,1642,1538,5329,9431,1071,7011,11355,2206,292740,173
"498","salvador","2020-11-01",498,741,714,173,9,95,68,20,2006,11151,1662,1558,5331,9382,1048,7026,11400,2200,292740,153
"499","salvador","2020-12-01",499,775,714,173,9,95,68,20,2014,11091,1696,1592,5352,9363,1047,7062,11454,2209,292740,154
"500","salvador","2021-01-01",500,775,714,173,9,95,68,20,2012,11091,1696,1592,5352,9488,1048,7076,11500,2225,292740,159
"501","salvador","2021-02-01",501,825,753,181,9,95,68,30,2082,11289,1764,1660,5443,9533,1063,7195,11657,2258,292740,161
"502","salvador","2021-03-01",502,925,753,181,9,95,68,50,2072,11406,1864,1760,5443,9705,1089,7314,11924,2248,292740,190
"503","salvador","2021-04-01",503,955,753,181,9,95,68,70,2132,11466,1864,1760,5452,9679,1086,7398,11900,2270,292740,186
"504","salvador","2021-05-01",504,905,753,181,9,95,68,58,2078,11281,1814,1710,5329,9659,1085,7287,11888,2215,292740,190
"505","salvador","2021-06-01",505,866,755,181,9,95,68,60,2104,11207,1807,1703,5293,9647,1088,7348,11958,2241,292740,191
"506","salvador","2021-07-01",506,836,755,181,9,95,69,60,2125,11222,1782,1678,5248,9585,1096,7398,12044,2245,292740,197
"507","sao luis","2019-10-01",507,0,219,25,113,15,18,0,530,4349,328,231,2104,2257,214,2380,5431,587,211130,21
"508","sao luis","2019-11-01",508,0,219,25,113,15,18,0,530,4349,328,231,2104,2270,214,2387,5438,593,211130,22
"509","sao luis","2019-12-01",509,0,219,25,113,15,18,0,531,4352,328,231,2091,2266,213,2378,5442,590,211130,22
"510","sao luis","2020-01-01",510,0,219,25,113,15,18,0,531,4352,328,231,2091,2293,215,2442,5467,593,211130,22
"511","sao luis","2020-02-01",511,0,219,25,113,15,18,0,531,4359,328,231,2098,2295,208,2465,5475,594,211130,22
"512","sao luis","2020-03-01",512,50,209,25,113,15,18,0,577,4395,368,271,2094,2288,207,2466,5475,588,211130,21
"513","sao luis","2020-04-01",513,131,209,25,104,15,18,0,606,4682,440,352,2338,2339,205,2544,5526,612,211130,19
"514","sao luis","2020-05-01",514,183,205,25,104,8,18,0,621,4939,478,390,2624,2286,203,2599,5546,624,211130,20
"515","sao luis","2020-06-01",515,167,205,25,104,16,18,0,621,5021,461,373,2714,2307,202,2609,5605,644,211130,20
"516","sao luis","2020-07-01",516,147,209,25,104,16,18,14,632,4991,447,359,2610,2367,205,2664,5655,675,211130,21
"517","sao luis","2020-08-01",517,147,209,25,104,16,18,14,633,5001,447,359,2600,2377,207,2697,5721,701,211130,21
"518","sao luis","2020-09-01",518,107,199,25,104,16,18,14,624,4918,397,309,2603,2361,204,2687,5652,697,211130,21
"519","sao luis","2020-10-01",519,107,199,25,104,16,18,14,683,4840,397,309,2514,2357,203,2713,5690,705,211130,21
"520","sao luis","2020-11-01",520,107,199,25,139,16,18,14,683,5004,432,309,2644,2377,206,2719,5676,706,211130,22
"521","sao luis","2020-12-01",521,107,199,25,139,16,18,14,683,5004,432,309,2644,2393,207,2704,5690,710,211130,23
"522","sao luis","2021-01-01",522,107,199,25,139,16,20,14,693,5049,432,309,2687,2376,208,2697,5692,710,211130,23
"523","sao luis","2021-02-01",523,174,199,25,139,16,18,0,679,5140,480,360,2756,2404,216,2690,5742,685,211130,23
"524","sao luis","2021-03-01",524,266,193,25,139,16,18,15,693,5340,539,416,2842,2398,218,2745,6018,716,211130,24
"525","sao luis","2021-04-01",525,243,193,25,139,16,18,51,712,5356,553,430,2842,2419,221,2761,6047,731,211130,25
"526","sao luis","2021-05-01",526,243,193,25,139,16,18,51,726,5320,553,430,2802,2445,225,2801,6104,768,211130,26
"527","sao luis","2021-06-01",527,272,193,25,179,16,18,61,734,5380,570,450,2777,2526,224,2839,6237,785,211130,26
"528","sao luis","2021-07-01",528,236,187,25,179,16,18,61,734,5284,532,409,2723,2526,224,2851,6267,790,211130,24
"529","sao paulo","2019-10-01",529,0,797,1105,1429,484,356,0,7087,35365,3483,1882,19003,43023,4749,23420,27019,6165,355030,417
"530","sao paulo","2019-11-01",530,0,827,1125,1431,484,356,0,7100,35227,3513,1932,18836,43032,4759,23533,27096,6191,355030,416
"531","sao paulo","2019-12-01",531,0,827,1125,1433,484,355,0,7173,35184,3513,1932,18804,43201,4773,23551,27180,6181,355030,420
"532","sao paulo","2020-01-01",532,0,822,1125,1383,484,356,0,6853,34495,3486,1927,18403,41757,4614,23259,27035,5430,355030,428
"533","sao paulo","2020-02-01",533,0,822,1125,1406,494,358,0,6917,34516,3500,1927,18370,42030,4436,23387,27279,5509,355030,428
"534","sao paulo","2020-03-01",534,937,822,1113,1402,494,359,0,6772,36907,3867,2315,20069,40784,4381,23045,26963,5284,355030,443
"535","sao paulo","2020-04-01",535,1150,822,1111,1423,536,359,0,6806,36713,4204,2649,19574,41388,4257,24324,28747,5594,355030,430
"536","sao paulo","2020-05-01",536,2001,812,1076,1307,586,357,0,7290,37543,5105,3581,19703,42150,4280,24940,29453,5919,355030,445
"537","sao paulo","2020-06-01",537,2248,794,1198,1333,627,350,0,7605,37754,5616,4063,19692,42501,4244,25341,30344,6085,355030,443
"538","sao paulo","2020-07-01",538,2206,840,1176,1406,652,350,62,7802,37922,5686,4047,19641,42746,4292,25602,30570,6117,355030,465
"539","sao paulo","2020-08-01",539,2013,877,1176,1415,631,365,82,7838,38171,5520,3891,19889,43134,4308,25968,31005,6263,355030,451
"540","sao paulo","2020-09-01",540,2050,887,1176,1407,621,365,48,7859,38213,5577,3938,19915,43055,4270,25879,30756,6213,355030,452
"541","sao paulo","2020-10-01",541,1831,899,1176,1405,628,370,48,7866,38153,5354,3712,20006,43053,4296,25928,30811,6242,355030,451
"542","sao paulo","2020-11-01",542,1685,904,1188,1399,625,366,42,7847,37493,5239,3601,19492,43584,4406,26183,31317,6215,355030,444
"543","sao paulo","2020-12-01",543,1667,907,1188,1309,550,364,42,7886,37474,5074,3586,19566,43840,4480,26312,31493,6254,355030,444
"544","sao paulo","2021-01-01",544,1782,946,1206,1292,557,365,42,7918,37635,5206,3732,19596,43962,4464,26478,31708,6134,355030,444
"545","sao paulo","2021-02-01",545,1633,946,1206,1287,557,365,42,7885,37585,5074,3604,19679,44792,4510,26683,31949,6323,355030,473
"546","sao paulo","2021-03-01",546,2441,946,1206,1288,550,365,66,8121,38323,5895,4420,19563,44709,4507,26793,32301,6402,355030,487
"547","sao paulo","2021-04-01",547,2456,975,1206,1258,550,365,66,8221,38743,5973,4528,19768,45006,4542,27017,32990,6590,355030,520
"548","sao paulo","2021-05-01",548,2497,983,1206,1288,550,366,66,8284,39022,6042,4570,20018,45203,4529,27363,33414,6769,355030,524
"549","sao paulo","2021-06-01",549,2586,1032,1206,1288,510,370,66,8257,39179,6137,4705,20050,45014,4423,27471,33832,6838,355030,526
"550","sao paulo","2021-07-01",550,2586,1041,1206,1298,505,372,66,8281,39168,6151,4714,20027,45060,4400,27593,34167,6943,355030,525
"551","teresina","2019-10-01",551,0,103,28,25,4,34,0,295,3423,143,124,2056,2372,284,1414,3394,590,221100,20
"552","teresina","2019-11-01",552,0,103,28,25,4,38,0,301,3409,143,124,2054,2367,284,1427,3390,591,221100,20
"553","teresina","2019-12-01",553,0,103,28,25,4,38,0,304,3384,143,124,2042,2375,284,1463,3419,589,221100,20
"554","teresina","2020-01-01",554,0,96,28,25,4,37,0,288,3512,136,117,1935,2299,281,1457,3383,428,221100,22
"555","teresina","2020-02-01",555,0,96,28,25,4,37,0,285,3513,136,117,1932,2240,280,1469,3398,431,221100,22
"556","teresina","2020-03-01",556,144,96,28,25,4,37,0,285,3665,229,214,1946,2313,289,1500,3416,460,221100,23
"557","teresina","2020-04-01",557,142,108,28,25,4,36,0,309,3874,260,245,2141,2327,288,1598,3588,474,221100,22
"558","teresina","2020-05-01",558,195,115,28,25,4,37,0,324,4072,290,275,2264,2352,292,1628,3770,493,221100,25
"559","teresina","2020-06-01",559,229,115,28,25,4,37,0,339,4106,332,317,2254,2355,294,1669,3830,481,221100,26
"560","teresina","2020-07-01",560,229,115,28,25,4,37,16,345,4136,332,317,2268,2384,293,1752,3974,506,221100,23
"561","teresina","2020-08-01",561,229,115,28,25,4,37,16,356,3881,332,317,2245,2400,292,1781,4020,514,221100,23
"562","teresina","2020-09-01",562,229,115,28,25,4,37,16,355,4112,332,317,2216,2357,290,1734,3927,496,221100,22
"563","teresina","2020-10-01",563,229,115,28,25,4,33,16,355,4114,332,317,2218,2426,294,1829,4105,529,221100,23
"564","teresina","2020-11-01",564,209,115,28,25,12,32,16,355,4070,320,297,2236,2412,294,1812,4066,541,221100,24
"565","teresina","2020-12-01",565,209,115,28,25,12,32,16,355,4070,320,297,2236,2416,294,1808,4058,542,221100,24
"566","teresina","2021-01-01",566,202,115,28,25,12,32,15,355,4064,313,290,2238,2424,293,1817,4081,552,221100,24
"567","teresina","2021-02-01",567,257,115,28,25,12,32,15,426,4138,417,394,2238,2425,291,1850,4111,584,221100,23
"568","teresina","2021-03-01",568,248,115,28,20,12,32,7,441,4061,408,386,2183,2439,289,1840,4118,582,221100,24
"569","teresina","2021-04-01",569,248,115,28,25,12,32,7,449,4077,413,386,2194,2487,301,1900,4166,599,221100,24
"570","teresina","2021-05-01",570,248,115,28,25,12,32,7,449,4065,413,386,2188,2493,299,1906,4196,603,221100,23
"571","teresina","2021-06-01",571,248,115,28,25,12,32,29,449,4087,413,386,2188,2516,300,1927,4238,617,221100,22
"572","teresina","2021-07-01",572,248,115,28,25,12,32,29,449,4090,413,386,2188,2529,300,1926,4271,620,221100,24
"573","vitoria","2019-10-01",573,0,160,0,34,12,12,0,389,2229,179,146,1482,1981,218,1148,3058,326,320530,36
"574","vitoria","2019-11-01",574,0,160,0,34,12,12,0,389,2225,179,146,1478,1998,227,1155,3065,321,320530,36
"575","vitoria","2019-12-01",575,0,160,0,34,12,12,0,389,2225,179,146,1478,1999,230,1156,3084,330,320530,36
"576","vitoria","2020-01-01",576,0,150,0,25,12,12,0,338,2044,160,136,1337,1923,219,1140,3060,236,320530,36
"577","vitoria","2020-02-01",577,0,150,0,25,12,12,0,339,2044,160,136,1337,1850,217,1148,3070,231,320530,36
"578","vitoria","2020-03-01",578,0,150,0,25,12,12,0,348,2093,160,136,1365,1851,213,1175,3080,230,320530,36
"579","vitoria","2020-04-01",579,5,150,0,25,12,12,0,353,2119,165,141,1371,1844,212,1175,3055,234,320530,37
"580","vitoria","2020-05-01",580,10,145,0,25,12,12,0,354,2119,165,141,1371,1851,207,1180,3035,240,320530,35
"581","vitoria","2020-06-01",581,17,159,0,16,12,12,0,352,2164,178,162,1415,1860,204,1189,3066,243,320530,34
"582","vitoria","2020-07-01",582,22,174,0,16,12,12,0,370,2198,198,182,1429,1885,200,1205,3114,247,320530,29
"583","vitoria","2020-08-01",583,22,203,0,16,12,12,0,404,2303,227,211,1505,1894,203,1230,3152,259,320530,29
"584","vitoria","2020-09-01",584,22,203,0,16,12,12,0,401,2201,227,211,1391,1911,213,1236,3163,257,320530,29
"585","vitoria","2020-10-01",585,22,203,0,16,12,12,0,401,2201,227,211,1391,1917,212,1243,3209,253,320530,29
"586","vitoria","2020-11-01",586,22,207,0,0,0,12,0,371,2048,215,215,1324,1841,200,1184,2952,252,320530,30
"587","vitoria","2020-12-01",587,28,207,0,0,0,12,0,371,2054,221,221,1324,1851,202,1196,2962,257,320530,30
"588","vitoria","2021-01-01",588,28,227,0,0,19,13,0,373,2083,244,237,1288,1877,202,1192,2965,258,320530,30
"589","vitoria","2021-02-01",589,38,227,0,0,19,13,0,384,2123,254,247,1318,1880,202,1180,2972,270,320530,32
"590","vitoria","2021-03-01",590,86,227,0,16,19,13,15,471,2277,316,293,1348,1961,217,1233,3140,275,320530,30
"591","vitoria","2021-04-01",591,86,227,0,16,19,13,15,573,2284,334,299,1348,1948,214,1213,3041,279,320530,28
"592","vitoria","2021-05-01",592,86,227,0,16,19,13,15,575,2272,334,299,1354,1958,220,1194,3018,296,320530,30
"593","vitoria","2021-06-01",593,86,227,0,16,19,13,15,577,2272,334,299,1354,2005,233,1183,2971,303,320530,31
"594","vitoria","2021-07-01",594,86,227,0,16,19,13,15,579,2271,334,299,1344,2016,229,1182,2974,314,320530,31
